"","artist","performances","artist.load","artist.formed","tag1","tag2"
"1"," Campbell, Glen","1971-72, '76","Glen Campbell","Glen+Campbell","country","singer-songwriter"
"2","Ball, David ","1995","David Ball","David+Ball","country","Traditional Country"
"3","Dalton, Lacy J. ","1983-84","Lacy J. Dalton","Lacy+J.+Dalton","country","female vocalists"
"4","Adkins, Trace ","1997-98, 2009, '11","Trace Adkins","Trace+Adkins","country","modern country"
"5","Earth, Wind & Fire","1997","Earth, Wind and Fire","Earth,+Wind+and+Fire","funk","soul"
"6","Garrett, Leif ","1979","Leif Garrett","Leif+Garrett","70s","Disco"
"7","Fargo, Donna ","1973, '81","Donna Fargo","Donna+Fargo","country","classic country"
"8","Haggard, Merle ","1973, '78, '82-84, '86, '89, 2000","Merle Haggard","Merle+Haggard","country","classic country"
"9","Flaco Jimenez, with the Texas Tornadoes","1992","Flaco Jimenez","Flaco+Jimenez","tex-mex","latin"
"10","KC & The Sunshine Band","1977, '79-80","KC and The Sunshine Band","KC+and+The+Sunshine+Band","Disco","funk"
"11","Huey Lewis & The News","1992","Huey Lewis","Huey+Lewis","rock","pop"
"12","Augie Meyers, with the Texas Tornados","1992","Augie Meyers","Augie+Meyers","country","texas"
"13","98 Degrees","2001","98 Degrees","98+Degrees","pop","boybands"
"14","Oak Ridge Boys","1979, '81-86, '88-91","Oak Ridge Boys","Oak+Ridge+Boys","country","gospel"
"15","Rabbitt, Eddie ","1979, '84","Eddie Rabbitt","Eddie+Rabbitt","country","80s"
"16","Doug Sahm, with the Texas Tornados","1992","Doug Sahm","Doug+Sahm","texas","country"
"17","Terry, June ","1962","June Terry","June+Terry",NA,NA
"18","Johnny Puelo and His Harmonica Gang","1961","Johnny Puelo and His Harmonica Gang","Johnny+Puelo+and+His+Harmonica+Gang",NA,NA
"19","Iglesias, Enrique ","1999-2000, '04, '12","Enrique Iglesias","Enrique+Iglesias","pop","latin"
"20","Urban, Keith ","2005, 2009-11, '14","Keith Urban","Keith+Urban","country","Keith Urban"
"21","Vandross, Luther ","1989, '98","Luther Vandross","Luther+Vandross","soul","rnb"
"22","Wynonna","1993-94, '96-97, '99, 2004 (with The Judds — 1985-86, '88-91, 2000)","Wynonna","Wynonna","country","female vocalists"
"23","Yearwood, Trisha ","1994, 2006","Trisha Yearwood","Trisha+Yearwood","country","female vocalists"
"24","Zac Brown Band","2011-15","Zac Brown Band","Zac+Brown+Band","country","modern country"
"25","Zapp (featuring Roger)","1988","Zapp","Zapp","funk","soul"
"26","Womack, Lee Ann ","2001-03, '06","Lee Ann Womack","Lee+Ann+Womack","country","female vocalists"
"27","Yoakam, Dwight ","1993, 2004","Dwight Yoakam","Dwight+Yoakam","country","Honky Tonk"
"28","Usher","2014","Usher","Usher","rnb","Hip-Hop"
"29","Van Shelton, Ricky ","1988-93","Ricky Van Shelton","Ricky+Van+Shelton","country","Ricky Van Shelton - Life turned her that way"
"30","Fall Out Boy","2015","Fall Out Boy","Fall+Out+Boy","pop punk","rock"
"31","Iglesias, Julio ","1986-87, 2003","Julio Iglesias","Julio+Iglesias","latin","julio iglesias"
"32","Paisley, Brad ","2001, '05, '08-12, '14, '15","Brad Paisley","Brad+Paisley","country","modern country"
"33","Texas Tornadoes","1992","Texas Tornadoes","Texas+Tornadoes","tex-mex","country"
"34","Sawyer Brown","1995, '99","Sawyer Brown","Sawyer+Brown","country","Favorite"
"35","Ramos, Ruben (with Los Tres Amigos)","2003","Ramos Ruben","Ramos+Ruben",NA,NA
"36","O'Brian , Hugh (“Wyatt Earp”)","1958","Hugh O'Brian","Hugh+O'Brian",NA,NA
"37","Nabors, Jim ","1967, '69, '72","Jim Nabors","Jim+Nabors","All","free range caucasians"
"38","Mahone, Austin ","2013","Austin Mahone","Austin+Mahone","pop","male vocalists"
"39","La Arrolladorra Banda El Limon","2011, '15","La Arrolladorra Banda El Limon","La+Arrolladorra+Banda+El+Limon",NA,NA
"40","Keen, Robert Earl ","2000-01, '03-04, '06","Robert Earl Keen","Robert+Earl+Keen","country","singer-songwriter"
"41","Jackson Five","1973-74","Jackson Five","Jackson+Five","soul","motown"
"42","Harris, Emmylou ","1988, 2002","Emmylou Harris","Emmylou+Harris","country","female vocalists"
"43","Garza, David Lee ","1999 (with Los Musicales 1993)","David Lee Garza","David+Lee+Garza","tejano","david lee garza-te quiero"
"44","Ebsen, Buddy (""The Beverly Hillbillies"")","1968","Buddy Ebsen","Buddy+Ebsen","country",NA
"45","Alabama","1986, '88-92, '96, '98, 2001, '03, '12","Alabama","Alabama","country","Southern Rock"
"46","Davis, Gail (""Annie Oakley"")","1955","Gail Davis","Gail+Davis","country","female vocalists"
"47","Banda MS","2014","Banda MS","Banda+MS","BANDA","increible"
"48","C&C Music Factory","1991","C and C Music Factory","C+and+C+Music+Factory","dance","90s"
"49","Carpenter, Mary Chapin ","1993, '95, '97","Mary Chapin Carpenter","Mary+Chapin+Carpenter","country","female vocalists"
"50","Bandy, Moe ","1980, '82","Moe Bandy","Moe+Bandy","country","classic country"
"51","Davis, Mac ","1976-78, '81-82, '86, 2002","Mac Davis","Mac+Davis","country","classic country"
"52","Alacranes Musical","2009","Alacranes Musical","Alacranes+Musical","duranguense","regional mexican"
"53","El Trono de Mexico","2010","El Trono de Mexico","El+Trono+de+Mexico","duranguense","Durangense"
"54","Gayle, Crystal ","1978-81, '83-84, '87, '89","Crystal Gayle","Crystal+Gayle","country","female vocalists"
"55","Hayes, Hunter","2014, '15","Hunter Hayes","Hunter+Hayes","country","male vocalists"
"56","Fender, Freddy ","1976","Freddy Fender","Freddy+Fender","country","classic country"
"57","Jackson, Alan","1992-2002, 2004-13, '15","Alan Jackson","Alan+Jackson","country","Alan Jackson"
"58","Keith, Toby ","1995-96, '03, '06-10, '13","Toby Keith","Toby+Keith","country","toby keith"
"59","La Diferenzia","1996","La Diferenzia","La+Diferenzia","la diferencia",NA
"60","Mandrell, Barbara ","1980, '86, '89","Barbara Mandrell","Barbara+Mandrell","country","female vocalists"
"61","Nelson, Rick ","1973","Rick Nelson","Rick+Nelson","rockabilly","oldies"
"62","Ocean, Billy ","1985","Billy Ocean","Billy+Ocean","80s","pop"
"63","Randolph, Boots ","1969","Boots Randolph","Boots+Randolph","jazz","saxophone"
"64","Seals, Dan ","1987","Dan Seals","Dan+Seals","country","80s"
"65","Thicke, Robin","2014","Robin Thicke","Robin+Thicke","soul","rnb"
"66","Parton, Dolly ","1978","Dolly Parton","Dolly+Parton","country","female vocalists"
"67","Indian Snake Dancers","1965","Indian Snake Dancers","Indian+Snake+Dancers",NA,NA
"68","Young, Chris ","2012, '14","Chris Young","Chris+Young","country","modern country"
"69","Vassar, Phil ","2001, '03","Phil Vassar","Phil+Vassar","country","singer-songwriter"
"70","ZZ Top","2002-03, '07, '09, '12","ZZ Top","ZZ+Top","classic rock","blues rock"
"71","Wilson, Gretchen ","2005-07","Gretchen Wilson","Gretchen+Wilson","country","female vocalists"
"72","Williams, Michelle ","2004 (with Destiny's Child — 2001-02)","Michelle Williams","Michelle+Williams","rnb","soul"
"73","Ingram, Jack ","2007","Jack Ingram","Jack+Ingram","country","singer-songwriter"
"74","Peña, Jennifer ","2004","Jennifer Peña","Jennifer+Peña",NA,NA
"75","Thomas, B. J. ","1971","B. J. Thomas","B.+J.+Thomas","pop","oldies"
"76","Selena","1994-95 (with Los Dinos – 1993)","Selena","Selena","latin","pop"
"77","Randy Rogers Band","2013","Randy Rogers Band","Randy+Rogers+Band","country","texas country"
"78","Omarion","2004","Omarion","Omarion","rnb","Hip-Hop"
"79","Nelson, Willie ","1985-86, '88, '94, 2000, '02, '04 (with The Highwaymen - '90, '92)","Willie Nelson","Willie+Nelson","country","folk"
"80","Manilow, Barry ","1988, 2001","Barry Manilow","Barry+Manilow","pop","easy listening"
"81","La Leyenda","2011","La Leyenda","La+Leyenda","la leyenda","grupero"
"82","KEM","2007","KEM","KEM","soul","Neo-Soul"
"83","Jackson, Janet","2011","Janet Jackson","Janet+Jackson","pop","rnb"
"84","Fergie","2008 (with Black Eyed Peas '10)","Fergie","Fergie","pop","rnb"
"85","Hernandez , Johnny (with Los Tres Amigos)","2003","Johnny Hernandez","Johnny+Hernandez","tejano",NA
"86","Gilbert, Brantley ","2013, '15","Brantley Gilbert","Brantley+Gilbert","country","male vocalists"
"87","Eli Young Band","2010, '12, '14","Eli Young Band","Eli+Young+Band","country","texas country"
"88","Aldean, Jason","2010-14","Jason Aldean","Jason+Aldean","country","modern country"
"89","Dean, Billy ","1992-94","Billy Dean","Billy+Dean","country","Billy Dean"
"90","Bee, Molly ","1965","Molly Bee","Molly+Bee","pop","female vocalists"
"91","Carr, Vicki ","1974, '90","Vicki Carr","Vicki+Carr","female vocalists","60s"
"92","Carrillo, Leo  (""The Cisco Kid"")","1954","Leo Carrillo","Leo+Carrillo",NA,NA
"93","Bennett, Tony ","2000","Tony Bennett","Tony+Bennett","jazz","swing"
"94","Dean, Jimmy ","1966-67","Jimmy Dean","Jimmy+Dean","country","classic country"
"95","Allan, Gary ","1997, 2009-11, '13","Gary Allan","Gary+Allan","country","contemporary country"
"96","Emilio","1990, '95-97, '99, 2007","Emilio","Emilio","country","tejano"
"97","Gill, Vince ","1991-99, 2004","Vince Gill","Vince+Gill","country","bluegrass"
"98","Hernandez , Rocky (with Los Tres Amigos)","2003","Rocky Hernandez","Rocky+Hernandez","tejano",NA
"99","Florida Georgia Line","2014, '15","Florida Georgia Line","Florida+Georgia+Line","country","country rock"
"100","James, Sonny ","1969, '73","Sonny James","Sonny+James","classic country","country"
"101","Kersh, David ","1998","David Kersh","David+Kersh","country","seen live"
"102","La Mafia","1992, '96, '98","La Mafia","La+Mafia","tejano","Houston"
"103","Maroon 5","2005-06, '14","Maroon 5","Maroon+5","rock","pop"
"104","Newton, Wayne ","1968-69, '72","Wayne Newton","Wayne+Newton","swing","jazz"
"105","O'Neal, Jamie ","2003","Jamie O'Neal","Jamie+O'Neal","country","female vocalists"
"106","Rascal Flatts","2001, '05, '08-11","Rascal Flatts","Rascal+Flatts","country","rascal flatts"
"107","Severinsen, Doc ","1974","Doc Severinsen","Doc+Severinsen","jazz","trumpet"
"108","Tiffany","1988","Tiffany","Tiffany","80s","pop"
"109","Perez, Jay ","1999, '06","Jay Perez","Jay+Perez","tejano","spanish"
"110","Ingram, James ","1990","James Ingram","James+Ingram","soul","pop"
"111","Williams, Don ","1981-83, '86","Don Williams","Don+Williams","country","classic country"
"112","Williams Jr., Hank ","1983, '92-93, '95-97, '99, 2001","Hank Williams Jr.","Hank+Williams+Jr.","country","outlaw country"
"113","Intocable","1998, 2001, '03","Intocable","Intocable","tejano","regional mexican"
"114","Pesado","2007, '10, '14","Pesado","Pesado","norteño","pesado"
"115","Tillis, Mel ","1977, '80, '82-83","Mel Tillis","Mel+Tillis","classic country","country"
"116","SHeDAISY","2000","SHeDAISY","SHeDAISY","country","female vocalists"
"117","Raven","2006","Raven","Raven","heavy metal","NWOBHM"
"118","Oscar G","1999","Oscar G","Oscar+G","House","electronic"
"119","Newton-John, Olivia ","1975-76","Olivia Newton-John","Olivia+Newton-John","pop","female vocalists"
"120","Mars, Bruno ","2013","Bruno Mars","Bruno+Mars","pop","rnb"
"121","La Maquinaria Norteña","2015","La Maquinaria Norteña","La+Maquinaria+Norteña",NA,NA
"122","Kershaw, Sammy ","1998, 2000","Sammy Kershaw","Sammy+Kershaw","country","Sammy Kershaw"
"123","Jennings, Waylon ","1981, '84 (with The Highwaymen '90, '92 )","Waylon Jennings","Waylon+Jennings","country","outlaw country"
"124","Fogerty, John ","2006, '08","John Fogerty","John+Fogerty","classic rock","rock"
"125","Herrera, Ram ","1994, '99","Ram Herrera","Ram+Herrera","tejano","Ram Herrera"
"126","Gilley, Mickey ","1978","Mickey Gilley","Mickey+Gilley","country","Honky Tonk"
"127","Engvall, Bill ","1996","Bill Engvall","Bill+Engvall","comedy","standup comedy"
"128","Allen, Rex ","1961–62","Rex Allen","Rex+Allen","country","rockabilly"
"129","Def Leppard","2001","Def Leppard","Def+Leppard","hard rock","classic rock"
"130","Bentley, Dierks","2004, '07-08, '10, '13, '15","Dierks Bentley","Dierks+Bentley","country","modern country"
"131","Beyoncé","2004, '07","Beyoncé","Beyoncé","rnb","pop"
"132","Carter, Carlene ","1971","Carlene Carter","Carlene+Carter","country","female vocalists"
"133","Cash, Johnny ","1971, '78 (with The Highwaymen – '90 and '92)","Johnny Cash","Johnny+Cash","country","folk"
"134","Bieber, Justin","2010","Justin Bieber","Justin+Bieber","pop","black metal"
"135","Destiny's Child","2001-02","Destiny's Child","Destiny's+Child","rnb","pop"
"136","Anderson, Lynn ","1972","Lynn Anderson","Lynn+Anderson","country","female vocalists"
"137","Etheridge, Melissa ","2006","Melissa Etheridge","Melissa+Etheridge","rock","female vocalists"
"138","Gillman, Billy ","2001","Billy Gillman","Billy+Gillman","country","pop"
"139","Highway 101","1989","Highway 101","Highway+101","country","country-rock"
"140","Ford, Tennessee Ernie ","1967","Tennessee Ernie Ford","Tennessee+Ernie+Ford","country","classic country"
"141","Jimmy G y El Groupo MAZZ","2005 (with MAZZ 1991)","Jimmy G y El Groupo MAZZ","Jimmy+G+y+El+Groupo+MAZZ",NA,NA
"142","Keys, Alicia ","2005","Alicia Keys","Alicia+Keys","soul","rnb"
"143","La Original Banda El Limon","2012","La Original Banda El Limon","La+Original+Banda+El+Limon","Banda Sinaloense","BANDA"
"144","Marshall Tucker Band","1997","Marshall Tucker Band","Marshall+Tucker+Band","Southern Rock","classic rock"
"145","Nichols, Joe ","2007","Joe Nichols","Joe+Nichols","country","Joe Nichols"
"146","Oslin, K.T. ","1989-91","K.T. Oslin","K.T.+Oslin","country","female vocalists"
"147","Raye, Collin ","1997","Collin Raye","Collin+Raye","country","collin raye"
"148","Shelton, Blake ","2010, '12-14","Blake Shelton","Blake+Shelton","country","modern country"
"149","Tillis, Pam ","1992, '95","Pam Tillis","Pam+Tillis","country","female vocalists"
"150","Petra","1987","Petra","Petra","christian rock","christian"
"151","The Isley Brothers","1991","The Isley Brothers","The+Isley+Brothers","soul","funk"
"152","Williams & Ree","1995-96","Williams and Ree","Williams+and+Ree","country","comedy"
"153","White, Bryan ","1997-98","Bryan White","Bryan+White","country","male vocalists"
"154","Pitbull","2013, '15","Pitbull","Pitbull","Hip-Hop","rap"
"155","Tony Orlando & Dawn","1974","Tony Orlando and Dawn","Tony+Orlando+and+Dawn","70s","oldies"
"156","Shenandoah","1991","Shenandoah","Shenandoah","country","Shenandoah"
"157","Reba ","1984, '87-89, '91-2000, '04, '07, '09, '12, '14","Reba","Reba","country","female vocalists"
"158","Owen, Jake ","2013-14","Jake Owen","Jake+Owen","country","modern country"
"159","Nickel Creek","2002","Nickel Creek","Nickel+Creek","bluegrass","folk"
"160","Mattea, Kathy ","1991, '97","Kathy Mattea","Kathy+Mattea","country","female vocalists"
"161","LaBelle, Patti ","1987, '90, '92, 2001","Patti LaBelle","Patti+LaBelle","soul","female vocalists"
"162","Kid Rock","2011-12","Kid Rock","Kid+Rock","rock","hard rock"
"163","Jonas Brothers","2009-10","Jonas Brothers","Jonas+Brothers","pop","pop rock"
"164","Fowler, Kevin ","2008","Kevin Fowler","Kevin+Fowler","country","texas country"
"165","Hill, Faith ","1999, 2008","Faith Hill","Faith+Hill","country","female vocalists"
"166","Goldsboro, Bobby ","1970","Bobby Goldsboro","Bobby+Goldsboro","oldies","60s"
"167","Evans, Dale ","1950, '52, '57, '60, '68-69, '72","Dale Evans","Dale+Evans","singer-songwriter",NA
"168","Anka, Paul ","1987","Paul Anka","Paul+Anka","swing","jazz"
"169","Diamond Rio","1992, '98","Diamond Rio","Diamond+Rio","country","Diamond Rio"
"170","Big & Rich","2005, '08","Big and Rich","Big+and+Rich","country","country rock"
"171","Cash, June Carter ","1971, '78","June Carter Cash","June+Carter+Cash","country","female vocalists"
"172","Cash, Rosanne ","1983","Rosanne Cash","Rosanne+Cash","country","female vocalists"
"173","Big Time Rush","2012","Big Time Rush","Big+Time+Rush","pop","male vocalists"
"174","Diamond, Neil ","2002","Neil Diamond","Neil+Diamond","singer-songwriter","classic rock"
"175","Ansara, Michael (""Broken Arrow"")","1960","Michael Ansara","Michael+Ansara",NA,NA
"176","Exile","1985","Exile","Exile","j-pop","japanese"
"177","Gomez, Selena ","2010-11, '14","Selena Gomez","Selena+Gomez","pop","female vocalists"
"178","Horne, Libby ","1958","Libby Horne","Libby+Horne",NA,NA
"179","Foxworthy, Jeff ","2005","Jeff Foxworthy","Jeff+Foxworthy","comedy","stand-up"
"180","Jones, George ","1986, '89-90","George Jones","George+Jones","country","classic country"
"181","KISS","2011","KISS","KISS","hard rock","classic rock"
"182","Lachey, Nick ","2004 (with 98 Degrees 2001)","Nick Lachey","Nick+Lachey","pop","male vocalists"
"183","Mayer, John ","2004","John Mayer","John+Mayer","singer-songwriter","acoustic"
"184","Nitty Gritty Dirt Band","1990","Nitty Gritty Dirt Band","Nitty+Gritty+Dirt+Band","country","bluegrass"
"185","Owens, Buck ","1970","Buck Owens","Buck+Owens","country","classic country"
"186","Reddy, Helen ","1975, '77","Helen Reddy","Helen+Reddy","female vocalists","pop"
"187","Sheppard, T. G. ","1983, '94","T. G. Sheppard","T.+G.+Sheppard","country","male vocalists"
"188","Train","2012","Train","Train","rock","alternative rock"
"189","Presley, Elvis ","1970, '74","Elvis Presley","Elvis+Presley","rock n roll","classic rock"
"190","West, Shelly ","1985","Shelly West","Shelly+West","country","80s"
"191","West, Dottie ","1979-80, '82","Dottie West","Dottie+West","country","female vocalists"
"192","Price, Ray ","1984, 2004","Ray Price","Ray+Price","country","classic country"
"193","Travis, Randy ","1988, '92, '94-95, 2004","Randy Travis","Randy+Travis","country","Randy Travis"
"194","Simpson, Jessica ","2004","Jessica Simpson","Jessica+Simpson","pop","female vocalists"
"195","Reed, Jerry ","1969, '72","Jerry Reed","Jerry+Reed","country","classic country"
"196","The Osmonds","1975, '77-79","The Osmonds","The+Osmonds","pop","70s"
"197","Mazz","1991","Mazz","Mazz","tejano","spanish"
"198","Lady Antebellum","2009-13","Lady Antebellum","Lady+Antebellum","country","modern country"
"199","Knight, Gladys ","1994, '96, 2001, '09 (with The Pips 1984)","Gladys Knight","Gladys+Knight","soul","motown"
"200","Juanes","2002","Juanes","Juanes","latin","spanish"
"201","Frankie Beverly & Maze","1991, '93-94, 2006","Frankie Beverly","Frankie+Beverly","soul","funk"
"202","Hornsby, Bruce (Bruce Hornsby & The Range)","1989","Bruce Hornsby","Bruce+Hornsby","singer-songwriter","piano"
"203","Grande, Ariana","2015","Ariana Grande","Ariana+Grande","pop","female vocalists"
"204","Exposé","1990","Exposé","Exposé","80s","pop"
"205","Arness, James (""Gunsmoke"")","1959","James Arness","James+Arness",NA,NA
"206","Diddley, Bo ","1997","Bo Diddley","Bo+Diddley","blues","rhythm and blues"
"207","Black Eyed Peas","2010","Black Eyed Peas","Black+Eyed+Peas","Hip-Hop","pop"
"208","Cass Country Boys","1955","Cass Country Boys","Cass+Country+Boys",NA,NA
"209","Cassidy, David ","1972","David Cassidy","David+Cassidy","pop","70s"
"210","Black, Clint ","1990-96, 1998-2000, '02-03, '05, '09","Clint Black","Clint+Black","country","clint black"
"211","Diffie, Joe ","2003","Joe Diffie","Joe+Diffie","country","Joe Diffie"
"212","Arnold, Eddy ","1951, '53, '60, '64, '67, '72, '82","Eddy Arnold","Eddy+Arnold","country","classic country"
"213","Grant, Amy ","2004","Amy Grant","Amy+Grant","pop","christian"
"214","Horton, Robert (""Wagon Train"")","1960","Robert Horton","Robert+Horton","drone","experimental"
"215","Fricke, Janie ","1983-85, '87","Janie Fricke","Janie+Fricke","country","female vocalists"
"216","Judd, Naomi ","2002 (with The Judds – 1985-86, '88-91, 2000)","Naomi Judd","Naomi+Judd",NA,NA
"217","Kool & the Gang","1982-83, '86, '96","Kool and the Gang","Kool+and+the+Gang","funk","soul"
"218","Lambert, Miranda ","2008, '11, '12, '15","Miranda Lambert","Miranda+Lambert","country","female vocalists"
"219","McBride, Martina ","1996, 2001-08, '11, '13","Martina McBride","Martina+McBride","country","female vocalists"
"220","Renaldo, Duncan (“The Cisco Kid”)","1954","Duncan Renaldo","Duncan+Renaldo",NA,NA
"221","Sinbad","1993","Sinbad","Sinbad","comedy","funny"
"222","Trevino, Rick ","1996-98","Rick Trevino","Rick+Trevino","country","pop"
"223","Pride, Charley ","1970, '72-87, '89, '91, 2002","Charley Pride","Charley+Pride","country","classic country"
"224","Washington, Billy D. ","1996","Billy D. Washington","Billy+D.+Washington",NA,NA
"225","Wariner, Steve ","1989-93, 2000","Steve Wariner","Steve+Wariner","country","modern country"
"226","Roberto Pulido y Los Clasicos","1990 (with Los Tres Amigos - 2003)","Roberto Pulido y Los Clasicos","Roberto+Pulido+y+Los+Clasicos","world","World Music"
"227","Tritt, Travis ","1991-92, '96","Travis Tritt","Travis+Tritt","country","travis tritt"
"228","Skaggs, Ricky ","1983, '85-86, '89","Ricky Skaggs","Ricky+Skaggs","bluegrass","country"
"229","REO Speedwagon","2002, '14","REO Speedwagon","REO+Speedwagon","classic rock","rock"
"230","McCoy, Neal ","1996, 1992, '97-99, 2000, '05","Neal McCoy","Neal+McCoy","country","seen live"
"231","Landon, Michael (""Bonanza"")","1964, '68","Michael Landon","Michael+Landon","oldies","rock'n'roll"
"232","Krauss, Alison ","2002","Alison Krauss","Alison+Krauss","bluegrass","country"
"233","The Jets","1988","The Jets","The+Jets","80s","pop"
"234","Frizzell, David ","1985","David Frizzell","David+Frizzell","country","3"
"235","Houston, Marques ","2004","Marques Houston","Marques+Houston","rnb","marques houston"
"236","Green, Pat ","2002-09","Pat Green","Pat+Green","country","texas country"
"237","Ashanti","2003","Ashanti","Ashanti","rnb","female vocalists"
"238","Dixie Chicks","2002","Dixie Chicks","Dixie+Chicks","country","female vocalists"
"239","Black, Lisa Hartman ","2002","Lisa Hartman Black","Lisa+Hartman+Black",NA,NA
"240","Cassidy, Shaun ","1980","Shaun Cassidy","Shaun+Cassidy","pop","70s"
"241","Chapman, Gary ","1997","Gary Chapman","Gary+Chapman","contemporary christian","christian"
"242","Blige, Mary J. ","2002, '10, '13","Mary J. Blige","Mary+J.+Blige","rnb","soul"
"243","Duelo","2005, '08, '12","Duelo","Duelo","mexican","duelo"
"244","Autry, Gene ","1942-'45, '47-'48, '55","Gene Autry","Gene+Autry","country","classic country"
"245","Greene, Lorne (""Bonanza"") ","1966","Lorne Greene","Lorne+Greene","country","60s"
"246","Humperdinck, Engelbert ","1973","Engelbert Humperdinck","Engelbert+Humperdinck","oldies","60s"
"247","The Fifth Dimension","1972-73","The Fifth Dimension","The+Fifth+Dimension","60s","soul"
"248","The Judds","1985-86, '88-91, 2000","The Judds","The+Judds","country","female vocalists"
"249","Kristofferson, Kris (with The Highwaymen)","1990, '92","Kris Kristofferson","Kris+Kristofferson","country","singer-songwriter"
"250","Larry the Cable Guy","2006","Larry the Cable Guy","Larry+the+Cable+Guy","comedy","stand-up comedy"
"251","Restless Heart","1988, '90","Restless Heart","Restless+Heart","country","country pop"
"252","Smith, Connie ","2004","Connie Smith","Connie+Smith","country","classic country"
"253","Tucker, Tanya ","1976, '90, '92-95, '98","Tanya Tucker","Tanya+Tucker","country","female vocalists"
"254","Walker, Jerry Jeff ","2003","Jerry Jeff Walker","Jerry+Jeff+Walker","country","singer-songwriter"
"255","Walker, Clay ","1994-2009, '11","Clay Walker","Clay+Walker","country","modern country"
"256","Turner, Josh ","2007, '09","Josh Turner","Josh+Turner","country","modern country"
"257","Solange","2009","Solange","Solange","rnb","soul"
"258","Rich, Charlie ","1974-75, '78","Charlie Rich","Charlie+Rich","country","classic country"
"259","Lassie","1962","Lassie","Lassie",NA,NA
"260","McGraw, Tim ","1996-97, 2003, '08, '10-11, '13, '15","Tim McGraw","Tim+McGraw","country","Tim McGraw"
"261","Kumbia Kings","2000, '02","Kumbia Kings","Kumbia+Kings","latin","cumbia"
"262","The Highwaymen","1990, '92","The Highwaymen","The+Highwaymen","country","outlaw country"
"263","Greenwood, Lee ","1984-85, '87, 2005","Lee Greenwood","Lee+Greenwood","country","Patriotic"
"264","Ayala, Ramon ","2002, '06","Ramon Ayala","Ramon+Ayala","norteño","mexico"
"265","Duff, Hilary","2005-06","Hilary Duff","Hilary+Duff","pop","female vocalists"
"266","Blocker, Dan ","1966","Dan Blocker","Dan+Blocker",NA,NA
"267","Charles, Ray ","2003","Ray Charles","Ray+Charles","jazz","soul"
"268","Charlie Daniels Band","1981, '97, 2005","Charlie Daniels Band","Charlie+Daniels+Band","country","Southern Rock"
"269","Boggus, Suzy ","1993","Suzy Boggus","Suzy+Boggus","country","female vocalists"
"270","Duran Duran","2001","Duran Duran","Duran+Duran","80s","new wave"
"271","Grupo Limite","1997","Grupo Limite","Grupo+Limite","latin","mexico"
"272","McKnight, Brian ","1999, 2002","Brian McKnight","Brian+McKnight","rnb","soul"
"273","Lawrence, Tracy ","1994-98, 2003","Tracy Lawrence","Tracy+Lawrence","country","Tracy Lawrence"
"274","Richie, Lionel ","1999","Lionel Richie","Lionel+Richie","soul","pop"
"275","Sonny & Cher","1973-74","Sonny and Cher","Sonny+and+Cher","60s","oldies"
"276","Twain, Shania ","1999","Shania Twain","Shania+Twain","country","pop"
"277","The Winans","1993","The Winans","The+Winans","gospel","The Winans"
"278","Twitty, Conway ","1974-75, '77, '79, '81-88, '90","Conway Twitty","Conway+Twitty","country","classic country"
"279","Stampley, Joe ","1980, '82","Joe Stampley","Joe+Stampley","country music","trucking songs"
"280","Riders in the Sky","1997","Riders in the Sky","Riders+in+the+Sky","country","cowboy"
"281","LeDoux, Chris ","1997","Chris LeDoux","Chris+LeDoux","country","Chris Ledoux"
"282","Messina, Jo Dee ","2000-01","Jo Dee Messina","Jo+Dee+Messina","country","female vocalists"
"283","Larry Gatlin & The Gatlin Brothers","1980-87, '89, '91-92, 2002","Larry Gatlin","Larry+Gatlin","country","70s"
"284","Dylan, Bob ","2002","Bob Dylan","Bob+Dylan","folk","singer-songwriter"
"285","Bon Jovi","2003","Bon Jovi","Bon+Jovi","rock","hard rock"
"286","Cheap Trick","1989","Cheap Trick","Cheap+Trick","classic rock","rock"
"287","Cheetah Girls","2007","Cheetah Girls","Cheetah+Girls","pop","Disney"
"288","Boone, Debbie ","1979","Debbie Boone","Debbie+Boone","female","stupid flanders"
"289","Miami Sound Machine","1987","Miami Sound Machine","Miami+Sound+Machine","pop","80s"
"290","Lee, Brenda ","1960","Brenda Lee","Brenda+Lee","oldies","60s"
"291","Rimes, LeAnn ","1997-98, 2000-01,'06","LeAnn Rimes","LeAnn+Rimes","country","pop"
"292","Steve Miller Band","2000, '05","Steve Miller Band","Steve+Miller+Band","classic rock","rock"
"293","Stevie B","1991","Stevie B","Stevie+B","freestyle","80s"
"294","Robbins, Marty ","1968","Marty Robbins","Marty+Robbins","country","classic country"
"295","Legend, John ","2008, '12, '15","John Legend","John+Legend","soul","rnb"
"296","Miller, Roger ","1972, 1991","Roger Miller","Roger+Miller","country","folk"
"297","Boone, Pat ","1979","Pat Boone","Pat+Boone","oldies","60s"
"298","Chesney, Kenny ","2001-05, '10, '13","Kenny Chesney","Kenny+Chesney","country","Kenny Chesney"
"299","Chesnutt, Mark ","1991-92, '94-95, '97-98, 2003","Mark Chesnutt","Mark+Chesnutt","country","Mark Chesnutt"
"300","Bow Wow","2004","Bow Wow","Bow+Wow","Hip-Hop","rap"
"301","Milsap, Ronnie ","1985-86, 2003","Ronnie Milsap","Ronnie+Milsap","country","classic country"
"302","Lisa Lisa & Cult Jam","1990","Lisa Lisa and Cult Jam","Lisa+Lisa+and+Cult+Jam","80s","pop"
"303","Robertson, Dale ","1965","Dale Robertson","Dale+Robertson",NA,NA
"304","Stewart, Rod ","2000","Rod Stewart","Rod+Stewart","classic rock","rock"
"305","Stone, Doug ","1991, '94","Doug Stone","Doug+Stone","country","classic country"
"306","Robinson, Smokey ","2000","Smokey Robinson","Smokey+Robinson","soul","motown"
"307","Little Joe y La Familia","1989, '91 (with Los Tres Amigos 2003)","Little Joe y La Familia","Little+Joe+y+La+Familia","tejano","latin"
"308","Monica","1999","Monica","Monica","rnb","female vocalists"
"309","Boyz II Men","2000","Boyz II Men","Boyz+II+Men","rnb","soul"
"310","Chicago","1987, '89-90","Chicago","Chicago","classic rock","rock"
"311","China Anne McClain from A.N.T. Farm with the McClain Sisters","2012","China Anne McClain","China+Anne+McClain","Disney","pop"
"312","Branigan, Laura ","1988","Laura Branigan","Laura+Branigan","80s","pop"
"313","Montgomery Gentry","2005","Montgomery Gentry","Montgomery+Gentry","country","country rock"
"314","Little Texas","1995","Little Texas","Little+Texas","country","country rock"
"315","Rodriguez, Johnny ","1974","Johnny Rodriguez","Johnny+Rodriguez","country","singer-songwriter"
"316","Stone, Milburn (“Gunsmoke”)","1966","Milburn Stone","Milburn+Stone",NA,NA
"317","The Statler Brothers","1980, '82, '87-88","The Statler Brothers","The+Statler+Brothers","country","oldies"
"318","Strait, George ","1983-97, 2002-04, '06-07, '13","George Strait","George+Strait","country","George Strait"
"319","Rodriguez, Jose Luis ","1985","Jose Luis Rodriguez","Jose+Luis+Rodriguez","jose luis rodriguez","spanish"
"320","LL Cool J","2003","LL Cool J","LL+Cool+J","Hip-Hop","rap"
"321","Montgomery, John Michael ","1994-95, '97-99","John Michael Montgomery","John+Michael+Montgomery","country","classic country"
"322","Bronco 'El Giante de America' ","2004","Bronco 'El Giante de America'","Bronco+'El+Giante+de+America'",NA,NA
"323","Church, Eric","2015","Eric Church","Eric+Church","country","modern country"
"324","Clark, Roy ","1970, '77, '84","Roy Clark","Roy+Clark","country","guitar"
"325","Clark, Terri ","1997-98","Terri Clark","Terri+Clark","country","female vocalists"
"326","Brooks & Dunn","1992-2010","Brooks and Dunn","Brooks+and+Dunn","country","Brooks and Dunn"
"327","Moore, Clayton (“The Lone Ranger”)","1946","Clayton Moore","Clayton+Moore",NA,NA
"328","Lonestar","1999-2000, '06","Lonestar","Lonestar","country","lonestar"
"329","Rogers, Kenny ","1978-80, '88-89, '99-2000, '02","Kenny Rogers","Kenny+Rogers","country","classic country"
"330","Stuart, Marty ","1991, '93, 2004","Marty Stuart","Marty+Stuart","country","Alt-country"
"331","Styx","2002, '13","Styx","Styx","classic rock","rock"
"332","Rogers, Roy ","1950, '52, '57, '60, '68-69, '72","Roy Rogers","Roy+Rogers","country","blues"
"333","Los Horoscopos de Durrango","2008","Los Horoscopos de Durrango","Los+Horoscopos+de+Durrango",NA,NA
"334","Moore, Justin","2015","Justin Moore","Justin+Moore","country","Justin Moore"
"335","Brooks, Garth ","1991, '93","Garth Brooks","Garth+Brooks","country","garth brooks"
"336","Clarkson, Kelly ","2004","Kelly Clarkson","Kelly+Clarkson","pop","female vocalists"
"337","Cole, Natalie","1995, 2007","Natalie Cole","Natalie+Cole","jazz","female vocalists"
"338","Bryan, Luke ","2012-15","Luke Bryan","Luke+Bryan","country","new country"
"339","Morgan, Lorrie ","1991, '98","Lorrie Morgan","Lorrie+Morgan","country","female vocalists"
"340","Los Lonely Boys","2007","Los Lonely Boys","Los+Lonely+Boys","rock","blues"
"341","Ross, Diana ","2001","Diana Ross","Diana+Ross","soul","female vocalists"
"342","Sugarland","2007-08, '11","Sugarland","Sugarland","country","sugarland"
"343","Supernaw, Doug ","1994","Doug Supernaw","Doug+Supernaw","country","Honky Tonk"
"344","Rucker, Darius ","2009-10","Darius Rucker","Darius+Rucker","country","new country"
"345","Los Tigres del Norte","2002","Los Tigres del Norte","Los+Tigres+del+Norte","mexico","corridos"
"346","Morris, Gary ","1986-87","Gary Morris","Gary+Morris","country","My Country Selection"
"347","Bryson, Peabo","1995","Peabo Bryson","Peabo+Bryson","soul","rnb"
"348","Color Me Badd","1992","Color Me Badd","Color+Me+Badd","90s","rnb"
"349","Conlee, John ","1980, '84","John Conlee","John+Conlee","country","classic country"
"350","Buffett, Jimmy ","1995","Jimmy Buffett","Jimmy+Buffett","country","singer-songwriter"
"351","Morrow, Cory ","2006","Cory Morrow","Cory+Morrow","country","texas country"
"352","Los Tres Amigos","2003","Los Tres Amigos","Los+Tres+Amigos",NA,NA
"353","Rufus with Chaka Kahn","1976","Rufus with Chaka Kahn","Rufus+with+Chaka+Kahn","funk","soul"
"354","Survivor","1987","Survivor","Survivor","rock","classic rock"
"355","Sweethearts of the Rodeo","1988","Sweethearts of the Rodeo","Sweethearts+of+the+Rodeo","country","female vocalists"
"356","Ryan, Irene (“The Beverly Hillbillies”)","1968","Irene Ryan","Irene+Ryan",NA,NA
"357","Los Tucanes de Tijuana","2000","Los Tucanes de Tijuana","Los+Tucanes+de+Tijuana","mexico","regional mexican"
"358","Murphy, Michael Martin ","1997","Michael Martin Murphy","Michael+Martin+Murphy","country","singer-songwriter"
"359","Byrd, Tracy ","1994-96, '98","Tracy Byrd","Tracy+Byrd","country","modern country"
"360","Connors, Chuck  (""The Rifleman"")","1963","Chuck Connors","Chuck+Connors",NA,NA
"361","Control","2001","Control","Control","power electronics","noise"
"362","Frankie Beverly & Maze","1991, '93-94, 2006","Frankie Beverly and Maze","Frankie+Beverly+and+Maze","soul","funk"
"363","Murray, Anne ","1980-81, '84, '86, '88, '90","Anne Murray","Anne+Murray","country","female vocalists"
"364","Lovato, Demi ","2010, '13","Demi Lovato","Demi+Lovato","pop","pop rock"
"365","Swift, Taylor ","2009","Taylor Swift","Taylor+Swift","country","pop"
"366","Sylvia","1983-84","Sylvia","Sylvia","soul","pop"
"367","Loveless, Patty ","1996-97, 2002","Patty Loveless","Patty+Loveless","country","female vocalists"
"368","The Mavericks","1995","The Mavericks","The+Mavericks","country","Alt-country"
"369","The Band Perry","2012-15","The Band Perry","The+Band+Perry","country","female vocalists"
"370","Corbin, Easton","2014","Easton Corbin","Easton+Corbin","country","modern country"
"371","Cosby, Bill ","1990-91","Bill Cosby","Bill+Cosby","comedy","stand-up"
"372","Tony Martin & His Cowboy Band","1949","Tony Martin and His Cowboy Band","Tony+Martin+and+His+Cowboy+Band",NA,NA
"373","Lovett, Lyle ","2001-02","Lyle Lovett","Lyle+Lovett","country","Alt-country"
"374","Lynn, Loretta ","1977, '79, '88","Loretta Lynn","Loretta+Lynn","country","female vocalists"
"375","Crawford, Johnny  (""The Rifleman"")","1963","Johnny Crawford","Johnny+Crawford","60s","pop"
"376","Cross Canadian Ragweed","2003, '06","Cross Canadian Ragweed","Cross+Canadian+Ragweed","country","Alt-country"
"377","Lynyrd Skynyrd","1996, '98, 2005","Lynyrd Skynyrd","Lynyrd+Skynyrd","classic rock","Southern Rock"
"378","Crow, Sheryl ","2007","Sheryl Crow","Sheryl+Crow","female vocalists","rock"
"379","Crowell, Rodney ","1990","Rodney Crowell","Rodney+Crowell","country","singer-songwriter"
"380","Currington, Billy ","2011 , '15","Billy Currington","Billy+Currington","country","billy currington"
"381","Curtis, Ken  (""Gunsmoke"")","1966","Ken Curtis","Ken+Curtis","ich hab jetzt auch ne to hear list",NA
"382","Cyrus, Billy Ray ","1993-95, 2008","Billy Ray Cyrus","Billy+Ray+Cyrus","country","90s"
"383","Cyrus, Miley (Hannah Montana)","2007, '08","Miley Cyrus","Miley+Cyrus","pop","female vocalists"
"384","The Commodores","1984","The Commodores","The+Commodores","soul","funk"
